Leftover,Recipe
almonds,almond cookies
chicken broth,chicken noodle soup
cheese,cheddar cheese
buttermilk,ranch dressing
popcorn,caramel popcorn
romaine lettuce,caesar salad
grilled chicken,caesar wrap
strawberries,strawberry smoothie
cheese,cheese pizza
cheese,margherita pizza
potatoes,mashed potatoes
"yogurt (milk, cultures)",greek yogurt
grilled chicken,caesar salad wrap
tomatoes,caprese salad
mixed berries,berry smoothie
mixed berries,berry parfait
chicken,chicken alfredo
pesto sauce,pesto pizza
beef,beef stroganoff
bananas,banana smoothie
watermelon,watermelon salad
chicken,chicken parmesan
mango,mango lassi
cucumbers,greek salad
butternut squash,butternut squash soup
pasta,margherita pasta
lamb,greek gyro wrap
chicken,spinach and feta stuffed chicken
chicken,chicken fettuccine alfredo
tomatoes,caprese sandwich
mushrooms,mushroom risotto
greek yogurt,greek yogurt parfait
eggplant,eggplant parmesan
bananas,banana pudding
pizza dough,margherita pizza
chicken,chicken caesar wrap
spinach,greek spanakopita
mushrooms,mushroom soup
spinach,spinach artichoke dip
chocolate,chocolate mousse
portobello mushrooms,stuffed portobello mushrooms
chicken,tandoori chicken
chicken,baked garlic parmesan chicken
mushrooms,mushroom and goat cheese flatbread
pumpkin,pumpkin soup
tomatoes,caprese skewers
chicken,chicken piccata
berries,berry parfait
mushrooms,stuffed mushrooms
chicken,butter chicken
spinach,palak paneer
lamb,rogan josh
paneer,paneer tikka
lentils,dal makhani
cottage cheese,malai kofta
chicken,chicken tikka masala
milk solids,gulab jamun
chicken,chicken korma
chicken,malai chicken tikka
lentil dumplings,dahi vada
chicken,chicken malai tikka
paneer,matar paneer
paneer,rasgulla
milk,rabri
rice,kheer
paneer,rasmalai
chicken breast,chicken caesar salad
bacon,quiche lorraine
sweet potatoes,sweet potato casserole
brie cheese,baked brie
onions,french onion soup
lamb/chicken,greek gyro
eggs,omelette
eggs,egg salad
eggs,quiche
eggs,egg salad sandwich
eggs,egg fried rice
fish fillets,fish sticks
salmon fillet,baked salmon
salmon,teriyaki salmon
salmon,baked salmon
salmon,lemon dill salmon
fish,malabar fish curry
cod,baked cod
tuna,tuna sandwich
tuna,tuna salad
"fish (salmon, tuna)",sushi
salmon fillet,teriyaki salmon
sushi rice,sushi bowl
salmon,honey soy glazed salmon
sugar,milk chocolate
milk,vanilla ice cream
"yogurt (milk, cultures)",vanilla yogurt
"yogurt (milk, cultures)",strawberry yogurt
tomatoes,tomato soup
apples,apple
oranges,orange juice
cucumber,greek salad
ground beef,spaghetti bolognese
chicken breast,honey mustard chicken
pork ribs,bbq ribs
quinoa,quinoa salad
mixed vegetables,vegetable stir-fry
ground beef,beef burger
potatoes,french fries
lemon juice,lemonade
tomatoes,gazpacho
ground beef,beef tacos
lentils,lentil soup
chicken,chicken curry
eggplant,ratatouille
pasta,pesto pasta
chicken,chicken stir-fry
mixed vegetables,veggie burger
mixed vegetables,vegetable soup
spinach,spinach salad
chicken,chicken enchiladas
vegetables,minestrone soup
tomatoes,salsa
chicken,lemon garlic chicken
pasta,pancetta pasta
chicken,chicken teriyaki
chicken,spinach stuffed chicken
chicken,coconut curry
apples,apple cider
avocado,avocado toast
beef,beef stir-fry
black beans,black bean soup
cucumber,cucumber salad
mixed fruits,fruit salad
sausage,sausage pizza
chicken,chicken fajitas
mango,mango salsa
lentils,lentil curry
spinach,green smoothie
bell peppers,stuffed bell peppers
beef,beef and broccoli
cabbage,cabbage rolls
apples,caramel apple
sweet potatoes,sweet potato fries
ground beef,beef chili
chicken,pesto chicken
ground beef,beef burritos
chicken,chicken shawarma
zucchini,zucchini noodles
chicken,sweet and sour chicken
beef,beef kabobs
tomatoes,tomato bruschetta
quinoa,quinoa stuffed peppers
mixed vegetables,veggie omelette
vegetables,ratatouille
beef,beef tacos
chicken wings,buffalo wings
cabbage,stuffed cabbage rolls
chicken,orange chicken
chicken,honey mustard chicken
lentils,lentil salad
chicken,cilantro lime chicken
pizza dough,ratatouille pizza
pasta,pesto pasta salad
beef,beef and mushroom stir-fry
tofu,tofu curry
eggplant,greek moussaka
brussels sprouts,brussels sprouts
chicken wings,baked chicken wings
mango,mango coconut popsicles
pasta,ratatouille pasta
chicken,chicken noodle soup
onions,caramelized onions
spinach,strawberry spinach salad
vegetables,ratatouille tart
carrots,honey glazed carrots
cucumbers,cucumber salad
potatoes,greek lemon potatoes
tomatoes,stuffed tomatoes
chicken,lemon pepper chicken
chicken,lemon herb roasted chicken
chicken,greek lemon chicken
brussels sprouts,roasted brussels sprouts
beef,beef burritos
spinach,raspberry spinach salad
chicken,chicken and rice soup
mixed vegetables,vegetable curry
rice,biryani
chickpeas,chole bhature
rice,masala dosa
potatoes,samosa
potatoes,aloo gobi
chicken,chicken biryani
potato,vada pav
semolina,pani puri
kidney beans,rajma chawal
mixed vegetables,vegetable biryani
chickpeas,chana masala
fermented batter,paniyaram
mixed vegetables,pav bhaji
basmati rice,hyderabadi biryani
rice,dosa
chickpeas,chole kulche
cauliflower,gobi manchurian
mutton,mutton biryani
oats,oatmeal
chicken,chicken satay
peanuts,peanut butter
zucchini,zucchini noodles with pesto
rice,rice pudding
shrimp,shrimp scampi
shrimp,shrimp scampi pasta
shrimp,garlic shrimp
shrimp,lemon garlic shrimp
prawns,prawn biryani
lobster,lobster bisque
shrimp,caesar shrimp skewers
prawns,prawn curry
lobster,lobster roll
shrimp,bacon-wrapped shrimp
shrimp,shrimp fried rice
soybeans,soy milk
tofu,tofu stir-fry
miso paste,miso soup
tofu,tofu scramble
beef,teriyaki beef
sushi rice,sushi rolls
wheat flour,wheat bread
zucchini,zucchini bread
chicken,chicken noodle casserole
onions,onion rings
chicken,chicken pot pie
portobello mushrooms,grilled portobello mushroom burger
potatoes,aloo paratha
oats,oatmeal raisin cookies
flour,pancakes
carrots,carrot cake
blueberries,blueberry muffins
flour,chocolate chip cookies
arborio rice,mushroom risotto
flour,cinnamon rolls
pineapple,pineapple upside-down cake
apples,apple pie
bananas,banana bread
flour,vanilla cupcakes
apples,apple crisp
pasta,pasta carbonara
flour,blueberry pancakes
flour,lemon bars
pumpkin,pumpkin pie
mixed berries,mixed berry pie
bread,garlic bread
mixed berries,berry cobbler
pasta,baked ziti
lime juice,key lime pie
flour,lemon poppy seed muffins
chicken,chicken quesadilla
flour,pancake stack
strawberries,strawberry shortcake
mixed berries,berry crumble
cream cheese,raspberry cheesecake
romaine lettuce,caesar salad wrap
graham crackers,s'mores
ladyfingers,tiramisu
dough,cinnamon rolls
chicken,chicken caesar salad
vegetables,vegetable lasagna
pizza dough,chicken alfredo pizza
pasta,caesar pasta salad
apples,baked apple
flour,blueberry muffins
pizza dough,sausage and pepper pizza
beef,beef wellington
flour,jalebi
flour,butter naan
flour,chocolate cake
flour,chocolate chip pancakes
lemon juice,lemon bars
pecans,pecan pie
pizza dough,hawaiian pizza
